run_accession	study_accession	sample_accession	experiment_accession	scientific_name	experiment_title	fastq_ftp	sample_title
ERR13346992	PRJEB77209	SAMEA115804935	ERX12717892	Staphylococcus aureus	Illumina MiSeq sequencing	ftp.sra.ebi.ac.uk/vol1/fastq/ERR133/092/ERR13346992/ERR13346992_1.fastq.gz;ftp.sra.ebi.ac.uk/vol1/fastq/ERR133/092/ERR13346992/ERR13346992_2.fastq.gz	GMS 2019 Staphylococcus aureus pilot Lab B Sample 03
ERR13346994	PRJEB77209	SAMEA115804937	ERX12717894	Staphylococcus aureus	Illumina MiSeq sequencing	ftp.sra.ebi.ac.uk/vol1/fastq/ERR133/094/ERR13346994/ERR13346994_1.fastq.gz;ftp.sra.ebi.ac.uk/vol1/fastq/ERR133/094/ERR13346994/ERR13346994_2.fastq.gz	GMS 2019 Staphylococcus aureus pilot Lab B Sample 05
ERR13346995	PRJEB77209	SAMEA115804938	ERX12717895	Staphylococcus aureus	Illumina MiSeq sequencing	ftp.sra.ebi.ac.uk/vol1/fastq/ERR133/095/ERR13346995/ERR13346995_1.fastq.gz;ftp.sra.ebi.ac.uk/vol1/fastq/ERR133/095/ERR13346995/ERR13346995_2.fastq.gz	GMS 2019 Staphylococcus aureus pilot Lab B Sample 06
ERR13346997	PRJEB77209	SAMEA115804940	ERX12717897	Staphylococcus aureus	Illumina MiSeq sequencing	ftp.sra.ebi.ac.uk/vol1/fastq/ERR133/097/ERR13346997/ERR13346997_1.fastq.gz;ftp.sra.ebi.ac.uk/vol1/fastq/ERR133/097/ERR13346997/ERR13346997_2.fastq.gz	GMS 2019 Staphylococcus aureus pilot Lab B Sample 08
ERR13346998	PRJEB77209	SAMEA115804941	ERX12717898	Staphylococcus aureus	Illumina MiSeq sequencing	ftp.sra.ebi.ac.uk/vol1/fastq/ERR133/098/ERR13346998/ERR13346998_1.fastq.gz;ftp.sra.ebi.ac.uk/vol1/fastq/ERR133/098/ERR13346998/ERR13346998_2.fastq.gz	GMS 2019 Staphylococcus aureus pilot Lab B Sample 09
ERR13347001	PRJEB77209	SAMEA115804944	ERX12717901	Staphylococcus aureus	Illumina MiSeq sequencing	ftp.sra.ebi.ac.uk/vol1/fastq/ERR133/001/ERR13347001/ERR13347001_1.fastq.gz;ftp.sra.ebi.ac.uk/vol1/fastq/ERR133/001/ERR13347001/ERR13347001_2.fastq.gz	GMS 2019 Staphylococcus aureus pilot Lab B Sample 12
ERR13347002	PRJEB77209	SAMEA115804945	ERX12717902	Staphylococcus aureus	Illumina MiSeq sequencing	ftp.sra.ebi.ac.uk/vol1/fastq/ERR133/002/ERR13347002/ERR13347002_1.fastq.gz;ftp.sra.ebi.ac.uk/vol1/fastq/ERR133/002/ERR13347002/ERR13347002_2.fastq.gz	GMS 2019 Staphylococcus aureus pilot Lab B Sample 13
ERR13347005	PRJEB77209	SAMEA115804948	ERX12717905	Staphylococcus aureus	Illumina MiSeq sequencing	ftp.sra.ebi.ac.uk/vol1/fastq/ERR133/005/ERR13347005/ERR13347005_1.fastq.gz;ftp.sra.ebi.ac.uk/vol1/fastq/ERR133/005/ERR13347005/ERR13347005_2.fastq.gz	GMS 2019 Staphylococcus aureus pilot Lab B Sample 16
ERR13347007	PRJEB77209	SAMEA115804950	ERX12717907	Staphylococcus aureus	Illumina MiSeq sequencing	ftp.sra.ebi.ac.uk/vol1/fastq/ERR133/007/ERR13347007/ERR13347007_1.fastq.gz;ftp.sra.ebi.ac.uk/vol1/fastq/ERR133/007/ERR13347007/ERR13347007_2.fastq.gz	GMS 2019 Staphylococcus aureus pilot Lab B Sample 18
ERR13347008	PRJEB77209	SAMEA115804951	ERX12717908	Staphylococcus aureus	Illumina MiSeq sequencing	ftp.sra.ebi.ac.uk/vol1/fastq/ERR133/008/ERR13347008/ERR13347008_1.fastq.gz;ftp.sra.ebi.ac.uk/vol1/fastq/ERR133/008/ERR13347008/ERR13347008_2.fastq.gz	GMS 2019 Staphylococcus aureus pilot Lab B Sample 19
ERR13347010	PRJEB77209	SAMEA115804953	ERX12717910	Staphylococcus aureus	Illumina MiSeq sequencing	ftp.sra.ebi.ac.uk/vol1/fastq/ERR133/010/ERR13347010/ERR13347010_1.fastq.gz;ftp.sra.ebi.ac.uk/vol1/fastq/ERR133/010/ERR13347010/ERR13347010_2.fastq.gz	GMS 2019 Staphylococcus aureus pilot Lab C Sample 02
ERR13347011	PRJEB77209	SAMEA115804954	ERX12717911	Staphylococcus aureus	Illumina MiSeq sequencing	ftp.sra.ebi.ac.uk/vol1/fastq/ERR133/011/ERR13347011/ERR13347011_1.fastq.gz;ftp.sra.ebi.ac.uk/vol1/fastq/ERR133/011/ERR13347011/ERR13347011_2.fastq.gz	GMS 2019 Staphylococcus aureus pilot Lab C Sample 03
ERR13347013	PRJEB77209	SAMEA115804956	ERX12717913	Staphylococcus aureus	Illumina MiSeq sequencing	ftp.sra.ebi.ac.uk/vol1/fastq/ERR133/013/ERR13347013/ERR13347013_1.fastq.gz;ftp.sra.ebi.ac.uk/vol1/fastq/ERR133/013/ERR13347013/ERR13347013_2.fastq.gz	GMS 2019 Staphylococcus aureus pilot Lab C Sample 05
ERR13347014	PRJEB77209	SAMEA115804957	ERX12717914	Staphylococcus aureus	Illumina MiSeq sequencing	ftp.sra.ebi.ac.uk/vol1/fastq/ERR133/014/ERR13347014/ERR13347014_1.fastq.gz;ftp.sra.ebi.ac.uk/vol1/fastq/ERR133/014/ERR13347014/ERR13347014_2.fastq.gz	GMS 2019 Staphylococcus aureus pilot Lab C Sample 06
ERR13347016	PRJEB77209	SAMEA115804959	ERX12717916	Staphylococcus aureus	Illumina MiSeq sequencing	ftp.sra.ebi.ac.uk/vol1/fastq/ERR133/016/ERR13347016/ERR13347016_1.fastq.gz;ftp.sra.ebi.ac.uk/vol1/fastq/ERR133/016/ERR13347016/ERR13347016_2.fastq.gz	GMS 2019 Staphylococcus aureus pilot Lab C Sample 08
ERR13347017	PRJEB77209	SAMEA115804960	ERX12717917	Staphylococcus aureus	Illumina MiSeq sequencing	ftp.sra.ebi.ac.uk/vol1/fastq/ERR133/017/ERR13347017/ERR13347017_1.fastq.gz;ftp.sra.ebi.ac.uk/vol1/fastq/ERR133/017/ERR13347017/ERR13347017_2.fastq.gz	GMS 2019 Staphylococcus aureus pilot Lab C Sample 09
ERR13347019	PRJEB77209	SAMEA115804962	ERX12717919	Staphylococcus aureus	Illumina MiSeq sequencing	ftp.sra.ebi.ac.uk/vol1/fastq/ERR133/019/ERR13347019/ERR13347019_1.fastq.gz;ftp.sra.ebi.ac.uk/vol1/fastq/ERR133/019/ERR13347019/ERR13347019_2.fastq.gz	GMS 2019 Staphylococcus aureus pilot Lab C Sample 11
ERR13347021	PRJEB77209	SAMEA115804964	ERX12717921	Staphylococcus aureus	Illumina MiSeq sequencing	ftp.sra.ebi.ac.uk/vol1/fastq/ERR133/021/ERR13347021/ERR13347021_1.fastq.gz;ftp.sra.ebi.ac.uk/vol1/fastq/ERR133/021/ERR13347021/ERR13347021_2.fastq.gz	GMS 2019 Staphylococcus aureus pilot Lab C Sample 13
ERR13347023	PRJEB77209	SAMEA115804966	ERX12717923	Staphylococcus aureus	Illumina MiSeq sequencing	ftp.sra.ebi.ac.uk/vol1/fastq/ERR133/023/ERR13347023/ERR13347023_1.fastq.gz;ftp.sra.ebi.ac.uk/vol1/fastq/ERR133/023/ERR13347023/ERR13347023_2.fastq.gz	GMS 2019 Staphylococcus aureus pilot Lab C Sample 15
ERR13347028	PRJEB77209	SAMEA115804971	ERX12717928	Staphylococcus aureus	Illumina MiSeq sequencing	ftp.sra.ebi.ac.uk/vol1/fastq/ERR133/028/ERR13347028/ERR13347028_1.fastq.gz;ftp.sra.ebi.ac.uk/vol1/fastq/ERR133/028/ERR13347028/ERR13347028_2.fastq.gz	GMS 2019 Staphylococcus aureus pilot Lab C Sample 20
ERR13347037	PRJEB77209	SAMEA115804980	ERX12717937	Staphylococcus aureus	Illumina MiniSeq sequencing	ftp.sra.ebi.ac.uk/vol1/fastq/ERR133/037/ERR13347037/ERR13347037_1.fastq.gz;ftp.sra.ebi.ac.uk/vol1/fastq/ERR133/037/ERR13347037/ERR13347037_2.fastq.gz	GMS 2019 Staphylococcus aureus pilot Lab D Sample 10
ERR13347042	PRJEB77209	SAMEA115804985	ERX12717942	Staphylococcus aureus	Illumina MiniSeq sequencing	ftp.sra.ebi.ac.uk/vol1/fastq/ERR133/042/ERR13347042/ERR13347042_1.fastq.gz;ftp.sra.ebi.ac.uk/vol1/fastq/ERR133/042/ERR13347042/ERR13347042_2.fastq.gz	GMS 2019 Staphylococcus aureus pilot Lab D Sample 15
ERR13347044	PRJEB77209	SAMEA115804987	ERX12717944	Staphylococcus aureus	Illumina MiniSeq sequencing	ftp.sra.ebi.ac.uk/vol1/fastq/ERR133/044/ERR13347044/ERR13347044_1.fastq.gz;ftp.sra.ebi.ac.uk/vol1/fastq/ERR133/044/ERR13347044/ERR13347044_2.fastq.gz	GMS 2019 Staphylococcus aureus pilot Lab D Sample 17
ERR13347048	PRJEB77209	SAMEA115804991	ERX12717948	Staphylococcus aureus	Illumina MiSeq sequencing	ftp.sra.ebi.ac.uk/vol1/fastq/ERR133/048/ERR13347048/ERR13347048_1.fastq.gz;ftp.sra.ebi.ac.uk/vol1/fastq/ERR133/048/ERR13347048/ERR13347048_2.fastq.gz	GMS 2019 Staphylococcus aureus pilot Lab E1 Sample 02
ERR13347049	PRJEB77209	SAMEA115804992	ERX12717949	Staphylococcus aureus	Illumina MiSeq sequencing	ftp.sra.ebi.ac.uk/vol1/fastq/ERR133/049/ERR13347049/ERR13347049_1.fastq.gz;ftp.sra.ebi.ac.uk/vol1/fastq/ERR133/049/ERR13347049/ERR13347049_2.fastq.gz	GMS 2019 Staphylococcus aureus pilot Lab E1 Sample 03
ERR13347051	PRJEB77209	SAMEA115804994	ERX12717951	Staphylococcus aureus	Illumina MiSeq sequencing	ftp.sra.ebi.ac.uk/vol1/fastq/ERR133/051/ERR13347051/ERR13347051_1.fastq.gz;ftp.sra.ebi.ac.uk/vol1/fastq/ERR133/051/ERR13347051/ERR13347051_2.fastq.gz	GMS 2019 Staphylococcus aureus pilot Lab E1 Sample 05
ERR13347057	PRJEB77209	SAMEA115805000	ERX12717957	Staphylococcus aureus	Illumina MiSeq sequencing	ftp.sra.ebi.ac.uk/vol1/fastq/ERR133/057/ERR13347057/ERR13347057_1.fastq.gz;ftp.sra.ebi.ac.uk/vol1/fastq/ERR133/057/ERR13347057/ERR13347057_2.fastq.gz	GMS 2019 Staphylococcus aureus pilot Lab E1 Sample 11
ERR13347058	PRJEB77209	SAMEA115805001	ERX12717958	Staphylococcus aureus	Illumina MiSeq sequencing	ftp.sra.ebi.ac.uk/vol1/fastq/ERR133/058/ERR13347058/ERR13347058_1.fastq.gz;ftp.sra.ebi.ac.uk/vol1/fastq/ERR133/058/ERR13347058/ERR13347058_2.fastq.gz	GMS 2019 Staphylococcus aureus pilot Lab E1 Sample 12
ERR13347061	PRJEB77209	SAMEA115805004	ERX12717961	Staphylococcus aureus	Illumina MiSeq sequencing	ftp.sra.ebi.ac.uk/vol1/fastq/ERR133/061/ERR13347061/ERR13347061_1.fastq.gz;ftp.sra.ebi.ac.uk/vol1/fastq/ERR133/061/ERR13347061/ERR13347061_2.fastq.gz	GMS 2019 Staphylococcus aureus pilot Lab E1 Sample 15
ERR13347065	PRJEB77209	SAMEA115805008	ERX12717965	Staphylococcus aureus	Illumina MiSeq sequencing	ftp.sra.ebi.ac.uk/vol1/fastq/ERR133/065/ERR13347065/ERR13347065_1.fastq.gz;ftp.sra.ebi.ac.uk/vol1/fastq/ERR133/065/ERR13347065/ERR13347065_2.fastq.gz	GMS 2019 Staphylococcus aureus pilot Lab E1 Sample 19
ERR13347069	PRJEB77209	SAMEA115805012	ERX12717969	Staphylococcus aureus	NextSeq 500 sequencing	ftp.sra.ebi.ac.uk/vol1/fastq/ERR133/069/ERR13347069/ERR13347069_1.fastq.gz;ftp.sra.ebi.ac.uk/vol1/fastq/ERR133/069/ERR13347069/ERR13347069_2.fastq.gz	GMS 2019 Staphylococcus aureus pilot Lab E2 Sample 04
ERR13347072	PRJEB77209	SAMEA115805015	ERX12717972	Staphylococcus aureus	NextSeq 500 sequencing	ftp.sra.ebi.ac.uk/vol1/fastq/ERR133/072/ERR13347072/ERR13347072_1.fastq.gz;ftp.sra.ebi.ac.uk/vol1/fastq/ERR133/072/ERR13347072/ERR13347072_2.fastq.gz	GMS 2019 Staphylococcus aureus pilot Lab E2 Sample 07
ERR13347073	PRJEB77209	SAMEA115805016	ERX12717973	Staphylococcus aureus	NextSeq 500 sequencing	ftp.sra.ebi.ac.uk/vol1/fastq/ERR133/073/ERR13347073/ERR13347073_1.fastq.gz;ftp.sra.ebi.ac.uk/vol1/fastq/ERR133/073/ERR13347073/ERR13347073_2.fastq.gz	GMS 2019 Staphylococcus aureus pilot Lab E2 Sample 08
ERR13347077	PRJEB77209	SAMEA115805020	ERX12717977	Staphylococcus aureus	NextSeq 500 sequencing	ftp.sra.ebi.ac.uk/vol1/fastq/ERR133/077/ERR13347077/ERR13347077_1.fastq.gz;ftp.sra.ebi.ac.uk/vol1/fastq/ERR133/077/ERR13347077/ERR13347077_2.fastq.gz	GMS 2019 Staphylococcus aureus pilot Lab E2 Sample 12
ERR13347080	PRJEB77209	SAMEA115805023	ERX12717980	Staphylococcus aureus	NextSeq 500 sequencing	ftp.sra.ebi.ac.uk/vol1/fastq/ERR133/080/ERR13347080/ERR13347080_1.fastq.gz;ftp.sra.ebi.ac.uk/vol1/fastq/ERR133/080/ERR13347080/ERR13347080_2.fastq.gz	GMS 2019 Staphylococcus aureus pilot Lab E2 Sample 15
ERR13347081	PRJEB77209	SAMEA115805024	ERX12717981	Staphylococcus aureus	NextSeq 500 sequencing	ftp.sra.ebi.ac.uk/vol1/fastq/ERR133/081/ERR13347081/ERR13347081_1.fastq.gz;ftp.sra.ebi.ac.uk/vol1/fastq/ERR133/081/ERR13347081/ERR13347081_2.fastq.gz	GMS 2019 Staphylococcus aureus pilot Lab E2 Sample 16
ERR13347088	PRJEB77209	SAMEA115805031	ERX12717988	Staphylococcus aureus	Illumina NovaSeq 6000 sequencing	ftp.sra.ebi.ac.uk/vol1/fastq/ERR133/088/ERR13347088/ERR13347088_1.fastq.gz;ftp.sra.ebi.ac.uk/vol1/fastq/ERR133/088/ERR13347088/ERR13347088_2.fastq.gz	GMS 2019 Staphylococcus aureus pilot Lab F Sample 04
ERR13347092	PRJEB77209	SAMEA115805035	ERX12717992	Staphylococcus aureus	Illumina NovaSeq 6000 sequencing	ftp.sra.ebi.ac.uk/vol1/fastq/ERR133/092/ERR13347092/ERR13347092_1.fastq.gz;ftp.sra.ebi.ac.uk/vol1/fastq/ERR133/092/ERR13347092/ERR13347092_2.fastq.gz	GMS 2019 Staphylococcus aureus pilot Lab F Sample 08
ERR13347099	PRJEB77209	SAMEA115805042	ERX12717999	Staphylococcus aureus	Illumina NovaSeq 6000 sequencing	ftp.sra.ebi.ac.uk/vol1/fastq/ERR133/099/ERR13347099/ERR13347099_1.fastq.gz;ftp.sra.ebi.ac.uk/vol1/fastq/ERR133/099/ERR13347099/ERR13347099_2.fastq.gz	GMS 2019 Staphylococcus aureus pilot Lab F Sample 15
ERR13347101	PRJEB77209	SAMEA115805044	ERX12718001	Staphylococcus aureus	Illumina NovaSeq 6000 sequencing	ftp.sra.ebi.ac.uk/vol1/fastq/ERR133/001/ERR13347101/ERR13347101_1.fastq.gz;ftp.sra.ebi.ac.uk/vol1/fastq/ERR133/001/ERR13347101/ERR13347101_2.fastq.gz	GMS 2019 Staphylococcus aureus pilot Lab F Sample 17
ERR13347106	PRJEB77209	SAMEA115805049	ERX12718006	Staphylococcus aureus	Illumina MiSeq sequencing	ftp.sra.ebi.ac.uk/vol1/fastq/ERR133/006/ERR13347106/ERR13347106_1.fastq.gz;ftp.sra.ebi.ac.uk/vol1/fastq/ERR133/006/ERR13347106/ERR13347106_2.fastq.gz	GMS 2019 Staphylococcus aureus pilot Lab G Sample 03
ERR13347107	PRJEB77209	SAMEA115805050	ERX12718007	Staphylococcus aureus	Illumina MiSeq sequencing	ftp.sra.ebi.ac.uk/vol1/fastq/ERR133/007/ERR13347107/ERR13347107_1.fastq.gz;ftp.sra.ebi.ac.uk/vol1/fastq/ERR133/007/ERR13347107/ERR13347107_2.fastq.gz	GMS 2019 Staphylococcus aureus pilot Lab G Sample 04
ERR13347109	PRJEB77209	SAMEA115805052	ERX12718009	Staphylococcus aureus	Illumina MiSeq sequencing	ftp.sra.ebi.ac.uk/vol1/fastq/ERR133/009/ERR13347109/ERR13347109_1.fastq.gz;ftp.sra.ebi.ac.uk/vol1/fastq/ERR133/009/ERR13347109/ERR13347109_2.fastq.gz	GMS 2019 Staphylococcus aureus pilot Lab G Sample 06
ERR13347110	PRJEB77209	SAMEA115805053	ERX12718010	Staphylococcus aureus	Illumina MiSeq sequencing	ftp.sra.ebi.ac.uk/vol1/fastq/ERR133/010/ERR13347110/ERR13347110_1.fastq.gz;ftp.sra.ebi.ac.uk/vol1/fastq/ERR133/010/ERR13347110/ERR13347110_2.fastq.gz	GMS 2019 Staphylococcus aureus pilot Lab G Sample 07
ERR13347113	PRJEB77209	SAMEA115805056	ERX12718013	Staphylococcus aureus	Illumina MiSeq sequencing	ftp.sra.ebi.ac.uk/vol1/fastq/ERR133/013/ERR13347113/ERR13347113_1.fastq.gz;ftp.sra.ebi.ac.uk/vol1/fastq/ERR133/013/ERR13347113/ERR13347113_2.fastq.gz	GMS 2019 Staphylococcus aureus pilot Lab G Sample 10
ERR13347116	PRJEB77209	SAMEA115805059	ERX12718016	Staphylococcus aureus	Illumina MiSeq sequencing	ftp.sra.ebi.ac.uk/vol1/fastq/ERR133/016/ERR13347116/ERR13347116_1.fastq.gz;ftp.sra.ebi.ac.uk/vol1/fastq/ERR133/016/ERR13347116/ERR13347116_2.fastq.gz	GMS 2019 Staphylococcus aureus pilot Lab G Sample 13
ERR13347117	PRJEB77209	SAMEA115805060	ERX12718017	Staphylococcus aureus	Illumina MiSeq sequencing	ftp.sra.ebi.ac.uk/vol1/fastq/ERR133/017/ERR13347117/ERR13347117_1.fastq.gz;ftp.sra.ebi.ac.uk/vol1/fastq/ERR133/017/ERR13347117/ERR13347117_2.fastq.gz	GMS 2019 Staphylococcus aureus pilot Lab G Sample 14
ERR13347118	PRJEB77209	SAMEA115805061	ERX12718018	Staphylococcus aureus	Illumina MiSeq sequencing	ftp.sra.ebi.ac.uk/vol1/fastq/ERR133/018/ERR13347118/ERR13347118_1.fastq.gz;ftp.sra.ebi.ac.uk/vol1/fastq/ERR133/018/ERR13347118/ERR13347118_2.fastq.gz	GMS 2019 Staphylococcus aureus pilot Lab G Sample 15
ERR13347119	PRJEB77209	SAMEA115805062	ERX12718019	Staphylococcus aureus	Illumina MiSeq sequencing	ftp.sra.ebi.ac.uk/vol1/fastq/ERR133/019/ERR13347119/ERR13347119_1.fastq.gz;ftp.sra.ebi.ac.uk/vol1/fastq/ERR133/019/ERR13347119/ERR13347119_2.fastq.gz	GMS 2019 Staphylococcus aureus pilot Lab G Sample 16
ERR13347120	PRJEB77209	SAMEA115805063	ERX12718020	Staphylococcus aureus	Illumina MiSeq sequencing	ftp.sra.ebi.ac.uk/vol1/fastq/ERR133/020/ERR13347120/ERR13347120_1.fastq.gz;ftp.sra.ebi.ac.uk/vol1/fastq/ERR133/020/ERR13347120/ERR13347120_2.fastq.gz	GMS 2019 Staphylococcus aureus pilot Lab G Sample 17
ERR13347129	PRJEB77209	SAMEA115805072	ERX12718029	Staphylococcus aureus	Illumina MiSeq sequencing	ftp.sra.ebi.ac.uk/vol1/fastq/ERR133/029/ERR13347129/ERR13347129_1.fastq.gz;ftp.sra.ebi.ac.uk/vol1/fastq/ERR133/029/ERR13347129/ERR13347129_2.fastq.gz	GMS 2019 Staphylococcus aureus pilot Lab H Sample 07
ERR13347131	PRJEB77209	SAMEA115805074	ERX12718031	Staphylococcus aureus	Illumina MiSeq sequencing	ftp.sra.ebi.ac.uk/vol1/fastq/ERR133/031/ERR13347131/ERR13347131_1.fastq.gz;ftp.sra.ebi.ac.uk/vol1/fastq/ERR133/031/ERR13347131/ERR13347131_2.fastq.gz	GMS 2019 Staphylococcus aureus pilot Lab H Sample 09
ERR13347134	PRJEB77209	SAMEA115805077	ERX12718034	Staphylococcus aureus	Illumina MiSeq sequencing	ftp.sra.ebi.ac.uk/vol1/fastq/ERR133/034/ERR13347134/ERR13347134_1.fastq.gz;ftp.sra.ebi.ac.uk/vol1/fastq/ERR133/034/ERR13347134/ERR13347134_2.fastq.gz	GMS 2019 Staphylococcus aureus pilot Lab H Sample 12
ERR13347139	PRJEB77209	SAMEA115805082	ERX12718039	Staphylococcus aureus	Illumina MiSeq sequencing	ftp.sra.ebi.ac.uk/vol1/fastq/ERR133/039/ERR13347139/ERR13347139_1.fastq.gz;ftp.sra.ebi.ac.uk/vol1/fastq/ERR133/039/ERR13347139/ERR13347139_2.fastq.gz	GMS 2019 Staphylococcus aureus pilot Lab H Sample 17
ERR13347141	PRJEB77209	SAMEA115805084	ERX12718041	Staphylococcus aureus	Illumina MiSeq sequencing	ftp.sra.ebi.ac.uk/vol1/fastq/ERR133/041/ERR13347141/ERR13347141_1.fastq.gz;ftp.sra.ebi.ac.uk/vol1/fastq/ERR133/041/ERR13347141/ERR13347141_2.fastq.gz	GMS 2019 Staphylococcus aureus pilot Lab H Sample 19
ERR13347142	PRJEB77209	SAMEA115805085	ERX12718042	Staphylococcus aureus	Illumina MiSeq sequencing	ftp.sra.ebi.ac.uk/vol1/fastq/ERR133/042/ERR13347142/ERR13347142_1.fastq.gz;ftp.sra.ebi.ac.uk/vol1/fastq/ERR133/042/ERR13347142/ERR13347142_2.fastq.gz	GMS 2019 Staphylococcus aureus pilot Lab H Sample 20
ERR13347155	PRJEB77209	SAMEA115804915	ERX12718055	Staphylococcus aureus	Ion Torrent S5 sequencing	ftp.sra.ebi.ac.uk/vol1/fastq/ERR133/055/ERR13347155/ERR13347155.fastq.gz	GMS 2019 Staphylococcus aureus pilot Lab A Sample 02
ERR13347157	PRJEB77209	SAMEA115804917	ERX12718057	Staphylococcus aureus	Ion Torrent S5 sequencing	ftp.sra.ebi.ac.uk/vol1/fastq/ERR133/057/ERR13347157/ERR13347157.fastq.gz	GMS 2019 Staphylococcus aureus pilot Lab A Sample 04
ERR13347159	PRJEB77209	SAMEA115804919	ERX12718059	Staphylococcus aureus	Ion Torrent S5 sequencing	ftp.sra.ebi.ac.uk/vol1/fastq/ERR133/059/ERR13347159/ERR13347159.fastq.gz	GMS 2019 Staphylococcus aureus pilot Lab A Sample 06
ERR13347161	PRJEB77209	SAMEA115804921	ERX12718061	Staphylococcus aureus	Ion Torrent S5 sequencing	ftp.sra.ebi.ac.uk/vol1/fastq/ERR133/061/ERR13347161/ERR13347161.fastq.gz	GMS 2019 Staphylococcus aureus pilot Lab A Sample 08
ERR13347164	PRJEB77209	SAMEA115804924	ERX12718064	Staphylococcus aureus	Ion Torrent S5 sequencing	ftp.sra.ebi.ac.uk/vol1/fastq/ERR133/064/ERR13347164/ERR13347164.fastq.gz	GMS 2019 Staphylococcus aureus pilot Lab A Sample 11
ERR13347169	PRJEB77209	SAMEA115804929	ERX12718069	Staphylococcus aureus	Ion Torrent S5 sequencing	ftp.sra.ebi.ac.uk/vol1/fastq/ERR133/069/ERR13347169/ERR13347169.fastq.gz	GMS 2019 Staphylococcus aureus pilot Lab A Sample 16
ERR13347171	PRJEB77209	SAMEA115804931	ERX12718071	Staphylococcus aureus	Ion Torrent S5 sequencing	ftp.sra.ebi.ac.uk/vol1/fastq/ERR133/071/ERR13347171/ERR13347171.fastq.gz	GMS 2019 Staphylococcus aureus pilot Lab A Sample 18
ERR13347172	PRJEB77209	SAMEA115804932	ERX12718072	Staphylococcus aureus	Ion Torrent S5 sequencing	ftp.sra.ebi.ac.uk/vol1/fastq/ERR133/072/ERR13347172/ERR13347172.fastq.gz	GMS 2019 Staphylococcus aureus pilot Lab A Sample 19
ERR13347175	PRJEB77209	SAMEA115805087	ERX12718075	Staphylococcus aureus	Ion Torrent S5 sequencing	ftp.sra.ebi.ac.uk/vol1/fastq/ERR133/075/ERR13347175/ERR13347175.fastq.gz	GMS 2019 Staphylococcus aureus pilot Lab I Sample 03
ERR13347178	PRJEB77209	SAMEA115805090	ERX12718078	Staphylococcus aureus	Ion Torrent S5 sequencing	ftp.sra.ebi.ac.uk/vol1/fastq/ERR133/078/ERR13347178/ERR13347178.fastq.gz	GMS 2019 Staphylococcus aureus pilot Lab I Sample 06
ERR13347185	PRJEB77209	SAMEA115805097	ERX12718085	Staphylococcus aureus	Ion Torrent S5 sequencing	ftp.sra.ebi.ac.uk/vol1/fastq/ERR133/085/ERR13347185/ERR13347185.fastq.gz	GMS 2019 Staphylococcus aureus pilot Lab I Sample 13
ERR13347187	PRJEB77209	SAMEA115805099	ERX12718087	Staphylococcus aureus	Ion Torrent S5 sequencing	ftp.sra.ebi.ac.uk/vol1/fastq/ERR133/087/ERR13347187/ERR13347187.fastq.gz	GMS 2019 Staphylococcus aureus pilot Lab I Sample 15
ERR13347189	PRJEB77209	SAMEA115805101	ERX12718089	Staphylococcus aureus	Ion Torrent S5 sequencing	ftp.sra.ebi.ac.uk/vol1/fastq/ERR133/089/ERR13347189/ERR13347189.fastq.gz	GMS 2019 Staphylococcus aureus pilot Lab I Sample 17
ERR13346993	PRJEB77209	SAMEA115804936	ERX12717893	Staphylococcus aureus	Illumina MiSeq sequencing	ftp.sra.ebi.ac.uk/vol1/fastq/ERR133/093/ERR13346993/ERR13346993_1.fastq.gz;ftp.sra.ebi.ac.uk/vol1/fastq/ERR133/093/ERR13346993/ERR13346993_2.fastq.gz	GMS 2019 Staphylococcus aureus pilot Lab B Sample 04
ERR13346996	PRJEB77209	SAMEA115804939	ERX12717896	Staphylococcus aureus	Illumina MiSeq sequencing	ftp.sra.ebi.ac.uk/vol1/fastq/ERR133/096/ERR13346996/ERR13346996_1.fastq.gz;ftp.sra.ebi.ac.uk/vol1/fastq/ERR133/096/ERR13346996/ERR13346996_2.fastq.gz	GMS 2019 Staphylococcus aureus pilot Lab B Sample 07
ERR13347004	PRJEB77209	SAMEA115804947	ERX12717904	Staphylococcus aureus	Illumina MiSeq sequencing	ftp.sra.ebi.ac.uk/vol1/fastq/ERR133/004/ERR13347004/ERR13347004_1.fastq.gz;ftp.sra.ebi.ac.uk/vol1/fastq/ERR133/004/ERR13347004/ERR13347004_2.fastq.gz	GMS 2019 Staphylococcus aureus pilot Lab B Sample 15
ERR13347006	PRJEB77209	SAMEA115804949	ERX12717906	Staphylococcus aureus	Illumina MiSeq sequencing	ftp.sra.ebi.ac.uk/vol1/fastq/ERR133/006/ERR13347006/ERR13347006_1.fastq.gz;ftp.sra.ebi.ac.uk/vol1/fastq/ERR133/006/ERR13347006/ERR13347006_2.fastq.gz	GMS 2019 Staphylococcus aureus pilot Lab B Sample 17
ERR13347024	PRJEB77209	SAMEA115804967	ERX12717924	Staphylococcus aureus	Illumina MiSeq sequencing	ftp.sra.ebi.ac.uk/vol1/fastq/ERR133/024/ERR13347024/ERR13347024_1.fastq.gz;ftp.sra.ebi.ac.uk/vol1/fastq/ERR133/024/ERR13347024/ERR13347024_2.fastq.gz	GMS 2019 Staphylococcus aureus pilot Lab C Sample 16
ERR13347025	PRJEB77209	SAMEA115804968	ERX12717925	Staphylococcus aureus	Illumina MiSeq sequencing	ftp.sra.ebi.ac.uk/vol1/fastq/ERR133/025/ERR13347025/ERR13347025_1.fastq.gz;ftp.sra.ebi.ac.uk/vol1/fastq/ERR133/025/ERR13347025/ERR13347025_2.fastq.gz	GMS 2019 Staphylococcus aureus pilot Lab C Sample 17
ERR13347027	PRJEB77209	SAMEA115804970	ERX12717927	Staphylococcus aureus	Illumina MiSeq sequencing	ftp.sra.ebi.ac.uk/vol1/fastq/ERR133/027/ERR13347027/ERR13347027_1.fastq.gz;ftp.sra.ebi.ac.uk/vol1/fastq/ERR133/027/ERR13347027/ERR13347027_2.fastq.gz	GMS 2019 Staphylococcus aureus pilot Lab C Sample 19
ERR13347030	PRJEB77209	SAMEA115804973	ERX12717930	Staphylococcus aureus	Illumina MiniSeq sequencing	ftp.sra.ebi.ac.uk/vol1/fastq/ERR133/030/ERR13347030/ERR13347030_1.fastq.gz;ftp.sra.ebi.ac.uk/vol1/fastq/ERR133/030/ERR13347030/ERR13347030_2.fastq.gz	GMS 2019 Staphylococcus aureus pilot Lab D Sample 03
ERR13347031	PRJEB77209	SAMEA115804974	ERX12717931	Staphylococcus aureus	Illumina MiniSeq sequencing	ftp.sra.ebi.ac.uk/vol1/fastq/ERR133/031/ERR13347031/ERR13347031_1.fastq.gz;ftp.sra.ebi.ac.uk/vol1/fastq/ERR133/031/ERR13347031/ERR13347031_2.fastq.gz	GMS 2019 Staphylococcus aureus pilot Lab D Sample 04
ERR13347032	PRJEB77209	SAMEA115804975	ERX12717932	Staphylococcus aureus	Illumina MiniSeq sequencing	ftp.sra.ebi.ac.uk/vol1/fastq/ERR133/032/ERR13347032/ERR13347032_1.fastq.gz;ftp.sra.ebi.ac.uk/vol1/fastq/ERR133/032/ERR13347032/ERR13347032_2.fastq.gz	GMS 2019 Staphylococcus aureus pilot Lab D Sample 05
ERR13347034	PRJEB77209	SAMEA115804977	ERX12717934	Staphylococcus aureus	Illumina MiniSeq sequencing	ftp.sra.ebi.ac.uk/vol1/fastq/ERR133/034/ERR13347034/ERR13347034_1.fastq.gz;ftp.sra.ebi.ac.uk/vol1/fastq/ERR133/034/ERR13347034/ERR13347034_2.fastq.gz	GMS 2019 Staphylococcus aureus pilot Lab D Sample 07
ERR13347036	PRJEB77209	SAMEA115804979	ERX12717936	Staphylococcus aureus	Illumina MiniSeq sequencing	ftp.sra.ebi.ac.uk/vol1/fastq/ERR133/036/ERR13347036/ERR13347036_1.fastq.gz;ftp.sra.ebi.ac.uk/vol1/fastq/ERR133/036/ERR13347036/ERR13347036_2.fastq.gz	GMS 2019 Staphylococcus aureus pilot Lab D Sample 09
ERR13347039	PRJEB77209	SAMEA115804982	ERX12717939	Staphylococcus aureus	Illumina MiniSeq sequencing	ftp.sra.ebi.ac.uk/vol1/fastq/ERR133/039/ERR13347039/ERR13347039_1.fastq.gz;ftp.sra.ebi.ac.uk/vol1/fastq/ERR133/039/ERR13347039/ERR13347039_2.fastq.gz	GMS 2019 Staphylococcus aureus pilot Lab D Sample 12
ERR13347040	PRJEB77209	SAMEA115804983	ERX12717940	Staphylococcus aureus	Illumina MiniSeq sequencing	ftp.sra.ebi.ac.uk/vol1/fastq/ERR133/040/ERR13347040/ERR13347040_1.fastq.gz;ftp.sra.ebi.ac.uk/vol1/fastq/ERR133/040/ERR13347040/ERR13347040_2.fastq.gz	GMS 2019 Staphylococcus aureus pilot Lab D Sample 13
ERR13347041	PRJEB77209	SAMEA115804984	ERX12717941	Staphylococcus aureus	Illumina MiniSeq sequencing	ftp.sra.ebi.ac.uk/vol1/fastq/ERR133/041/ERR13347041/ERR13347041_1.fastq.gz;ftp.sra.ebi.ac.uk/vol1/fastq/ERR133/041/ERR13347041/ERR13347041_2.fastq.gz	GMS 2019 Staphylococcus aureus pilot Lab D Sample 14
ERR13347045	PRJEB77209	SAMEA115804988	ERX12717945	Staphylococcus aureus	Illumina MiniSeq sequencing	ftp.sra.ebi.ac.uk/vol1/fastq/ERR133/045/ERR13347045/ERR13347045_1.fastq.gz;ftp.sra.ebi.ac.uk/vol1/fastq/ERR133/045/ERR13347045/ERR13347045_2.fastq.gz	GMS 2019 Staphylococcus aureus pilot Lab D Sample 18
ERR13347046	PRJEB77209	SAMEA115804989	ERX12717946	Staphylococcus aureus	Illumina MiniSeq sequencing	ftp.sra.ebi.ac.uk/vol1/fastq/ERR133/046/ERR13347046/ERR13347046_1.fastq.gz;ftp.sra.ebi.ac.uk/vol1/fastq/ERR133/046/ERR13347046/ERR13347046_2.fastq.gz	GMS 2019 Staphylococcus aureus pilot Lab D Sample 19
ERR13347050	PRJEB77209	SAMEA115804993	ERX12717950	Staphylococcus aureus	Illumina MiSeq sequencing	ftp.sra.ebi.ac.uk/vol1/fastq/ERR133/050/ERR13347050/ERR13347050_1.fastq.gz;ftp.sra.ebi.ac.uk/vol1/fastq/ERR133/050/ERR13347050/ERR13347050_2.fastq.gz	GMS 2019 Staphylococcus aureus pilot Lab E1 Sample 04
ERR13347053	PRJEB77209	SAMEA115804996	ERX12717953	Staphylococcus aureus	Illumina MiSeq sequencing	ftp.sra.ebi.ac.uk/vol1/fastq/ERR133/053/ERR13347053/ERR13347053_1.fastq.gz;ftp.sra.ebi.ac.uk/vol1/fastq/ERR133/053/ERR13347053/ERR13347053_2.fastq.gz	GMS 2019 Staphylococcus aureus pilot Lab E1 Sample 07
ERR13347054	PRJEB77209	SAMEA115804997	ERX12717954	Staphylococcus aureus	Illumina MiSeq sequencing	ftp.sra.ebi.ac.uk/vol1/fastq/ERR133/054/ERR13347054/ERR13347054_1.fastq.gz;ftp.sra.ebi.ac.uk/vol1/fastq/ERR133/054/ERR13347054/ERR13347054_2.fastq.gz	GMS 2019 Staphylococcus aureus pilot Lab E1 Sample 08
ERR13347056	PRJEB77209	SAMEA115804999	ERX12717956	Staphylococcus aureus	Illumina MiSeq sequencing	ftp.sra.ebi.ac.uk/vol1/fastq/ERR133/056/ERR13347056/ERR13347056_1.fastq.gz;ftp.sra.ebi.ac.uk/vol1/fastq/ERR133/056/ERR13347056/ERR13347056_2.fastq.gz	GMS 2019 Staphylococcus aureus pilot Lab E1 Sample 10
ERR13347059	PRJEB77209	SAMEA115805002	ERX12717959	Staphylococcus aureus	Illumina MiSeq sequencing	ftp.sra.ebi.ac.uk/vol1/fastq/ERR133/059/ERR13347059/ERR13347059_1.fastq.gz;ftp.sra.ebi.ac.uk/vol1/fastq/ERR133/059/ERR13347059/ERR13347059_2.fastq.gz	GMS 2019 Staphylococcus aureus pilot Lab E1 Sample 13
ERR13347060	PRJEB77209	SAMEA115805003	ERX12717960	Staphylococcus aureus	Illumina MiSeq sequencing	ftp.sra.ebi.ac.uk/vol1/fastq/ERR133/060/ERR13347060/ERR13347060_1.fastq.gz;ftp.sra.ebi.ac.uk/vol1/fastq/ERR133/060/ERR13347060/ERR13347060_2.fastq.gz	GMS 2019 Staphylococcus aureus pilot Lab E1 Sample 14
ERR13347062	PRJEB77209	SAMEA115805005	ERX12717962	Staphylococcus aureus	Illumina MiSeq sequencing	ftp.sra.ebi.ac.uk/vol1/fastq/ERR133/062/ERR13347062/ERR13347062_1.fastq.gz;ftp.sra.ebi.ac.uk/vol1/fastq/ERR133/062/ERR13347062/ERR13347062_2.fastq.gz	GMS 2019 Staphylococcus aureus pilot Lab E1 Sample 16
ERR13347063	PRJEB77209	SAMEA115805006	ERX12717963	Staphylococcus aureus	Illumina MiSeq sequencing	ftp.sra.ebi.ac.uk/vol1/fastq/ERR133/063/ERR13347063/ERR13347063_1.fastq.gz;ftp.sra.ebi.ac.uk/vol1/fastq/ERR133/063/ERR13347063/ERR13347063_2.fastq.gz	GMS 2019 Staphylococcus aureus pilot Lab E1 Sample 17
ERR13347064	PRJEB77209	SAMEA115805007	ERX12717964	Staphylococcus aureus	Illumina MiSeq sequencing	ftp.sra.ebi.ac.uk/vol1/fastq/ERR133/064/ERR13347064/ERR13347064_1.fastq.gz;ftp.sra.ebi.ac.uk/vol1/fastq/ERR133/064/ERR13347064/ERR13347064_2.fastq.gz	GMS 2019 Staphylococcus aureus pilot Lab E1 Sample 18
ERR13347066	PRJEB77209	SAMEA115805009	ERX12717966	Staphylococcus aureus	Illumina MiSeq sequencing	ftp.sra.ebi.ac.uk/vol1/fastq/ERR133/066/ERR13347066/ERR13347066_1.fastq.gz;ftp.sra.ebi.ac.uk/vol1/fastq/ERR133/066/ERR13347066/ERR13347066_2.fastq.gz	GMS 2019 Staphylococcus aureus pilot Lab E1 Sample 20
ERR13347067	PRJEB77209	SAMEA115805010	ERX12717967	Staphylococcus aureus	NextSeq 500 sequencing	ftp.sra.ebi.ac.uk/vol1/fastq/ERR133/067/ERR13347067/ERR13347067_1.fastq.gz;ftp.sra.ebi.ac.uk/vol1/fastq/ERR133/067/ERR13347067/ERR13347067_2.fastq.gz	GMS 2019 Staphylococcus aureus pilot Lab E2 Sample 02
ERR13347070	PRJEB77209	SAMEA115805013	ERX12717970	Staphylococcus aureus	NextSeq 500 sequencing	ftp.sra.ebi.ac.uk/vol1/fastq/ERR133/070/ERR13347070/ERR13347070_1.fastq.gz;ftp.sra.ebi.ac.uk/vol1/fastq/ERR133/070/ERR13347070/ERR13347070_2.fastq.gz	GMS 2019 Staphylococcus aureus pilot Lab E2 Sample 05
ERR13347071	PRJEB77209	SAMEA115805014	ERX12717971	Staphylococcus aureus	NextSeq 500 sequencing	ftp.sra.ebi.ac.uk/vol1/fastq/ERR133/071/ERR13347071/ERR13347071_1.fastq.gz;ftp.sra.ebi.ac.uk/vol1/fastq/ERR133/071/ERR13347071/ERR13347071_2.fastq.gz	GMS 2019 Staphylococcus aureus pilot Lab E2 Sample 06
ERR13347079	PRJEB77209	SAMEA115805022	ERX12717979	Staphylococcus aureus	NextSeq 500 sequencing	ftp.sra.ebi.ac.uk/vol1/fastq/ERR133/079/ERR13347079/ERR13347079_1.fastq.gz;ftp.sra.ebi.ac.uk/vol1/fastq/ERR133/079/ERR13347079/ERR13347079_2.fastq.gz	GMS 2019 Staphylococcus aureus pilot Lab E2 Sample 14
ERR13347082	PRJEB77209	SAMEA115805025	ERX12717982	Staphylococcus aureus	NextSeq 500 sequencing	ftp.sra.ebi.ac.uk/vol1/fastq/ERR133/082/ERR13347082/ERR13347082_1.fastq.gz;ftp.sra.ebi.ac.uk/vol1/fastq/ERR133/082/ERR13347082/ERR13347082_2.fastq.gz	GMS 2019 Staphylococcus aureus pilot Lab E2 Sample 17
ERR13347083	PRJEB77209	SAMEA115805026	ERX12717983	Staphylococcus aureus	NextSeq 500 sequencing	ftp.sra.ebi.ac.uk/vol1/fastq/ERR133/083/ERR13347083/ERR13347083_1.fastq.gz;ftp.sra.ebi.ac.uk/vol1/fastq/ERR133/083/ERR13347083/ERR13347083_2.fastq.gz	GMS 2019 Staphylococcus aureus pilot Lab E2 Sample 18
ERR13347085	PRJEB77209	SAMEA115805028	ERX12717985	Staphylococcus aureus	NextSeq 500 sequencing	ftp.sra.ebi.ac.uk/vol1/fastq/ERR133/085/ERR13347085/ERR13347085_1.fastq.gz;ftp.sra.ebi.ac.uk/vol1/fastq/ERR133/085/ERR13347085/ERR13347085_2.fastq.gz	GMS 2019 Staphylococcus aureus pilot Lab E2 Sample 20
ERR13347086	PRJEB77209	SAMEA115805029	ERX12717986	Staphylococcus aureus	Illumina NovaSeq 6000 sequencing	ftp.sra.ebi.ac.uk/vol1/fastq/ERR133/086/ERR13347086/ERR13347086_1.fastq.gz;ftp.sra.ebi.ac.uk/vol1/fastq/ERR133/086/ERR13347086/ERR13347086_2.fastq.gz	GMS 2019 Staphylococcus aureus pilot Lab F Sample 02
ERR13347089	PRJEB77209	SAMEA115805032	ERX12717989	Staphylococcus aureus	Illumina NovaSeq 6000 sequencing	ftp.sra.ebi.ac.uk/vol1/fastq/ERR133/089/ERR13347089/ERR13347089_1.fastq.gz;ftp.sra.ebi.ac.uk/vol1/fastq/ERR133/089/ERR13347089/ERR13347089_2.fastq.gz	GMS 2019 Staphylococcus aureus pilot Lab F Sample 05
ERR13347090	PRJEB77209	SAMEA115805033	ERX12717990	Staphylococcus aureus	Illumina NovaSeq 6000 sequencing	ftp.sra.ebi.ac.uk/vol1/fastq/ERR133/090/ERR13347090/ERR13347090_1.fastq.gz;ftp.sra.ebi.ac.uk/vol1/fastq/ERR133/090/ERR13347090/ERR13347090_2.fastq.gz	GMS 2019 Staphylococcus aureus pilot Lab F Sample 06
ERR13347093	PRJEB77209	SAMEA115805036	ERX12717993	Staphylococcus aureus	Illumina NovaSeq 6000 sequencing	ftp.sra.ebi.ac.uk/vol1/fastq/ERR133/093/ERR13347093/ERR13347093_1.fastq.gz;ftp.sra.ebi.ac.uk/vol1/fastq/ERR133/093/ERR13347093/ERR13347093_2.fastq.gz	GMS 2019 Staphylococcus aureus pilot Lab F Sample 09
ERR13347098	PRJEB77209	SAMEA115805041	ERX12717998	Staphylococcus aureus	Illumina NovaSeq 6000 sequencing	ftp.sra.ebi.ac.uk/vol1/fastq/ERR133/098/ERR13347098/ERR13347098_1.fastq.gz;ftp.sra.ebi.ac.uk/vol1/fastq/ERR133/098/ERR13347098/ERR13347098_2.fastq.gz	GMS 2019 Staphylococcus aureus pilot Lab F Sample 14
ERR13347102	PRJEB77209	SAMEA115805045	ERX12718002	Staphylococcus aureus	Illumina NovaSeq 6000 sequencing	ftp.sra.ebi.ac.uk/vol1/fastq/ERR133/002/ERR13347102/ERR13347102_1.fastq.gz;ftp.sra.ebi.ac.uk/vol1/fastq/ERR133/002/ERR13347102/ERR13347102_2.fastq.gz	GMS 2019 Staphylococcus aureus pilot Lab F Sample 18
ERR13347104	PRJEB77209	SAMEA115805047	ERX12718004	Staphylococcus aureus	Illumina NovaSeq 6000 sequencing	ftp.sra.ebi.ac.uk/vol1/fastq/ERR133/004/ERR13347104/ERR13347104_1.fastq.gz;ftp.sra.ebi.ac.uk/vol1/fastq/ERR133/004/ERR13347104/ERR13347104_2.fastq.gz	GMS 2019 Staphylococcus aureus pilot Lab F Sample 20
ERR13347115	PRJEB77209	SAMEA115805058	ERX12718015	Staphylococcus aureus	Illumina MiSeq sequencing	ftp.sra.ebi.ac.uk/vol1/fastq/ERR133/015/ERR13347115/ERR13347115_1.fastq.gz;ftp.sra.ebi.ac.uk/vol1/fastq/ERR133/015/ERR13347115/ERR13347115_2.fastq.gz	GMS 2019 Staphylococcus aureus pilot Lab G Sample 12
ERR13347122	PRJEB77209	SAMEA115805065	ERX12718022	Staphylococcus aureus	Illumina MiSeq sequencing	ftp.sra.ebi.ac.uk/vol1/fastq/ERR133/022/ERR13347122/ERR13347122_1.fastq.gz;ftp.sra.ebi.ac.uk/vol1/fastq/ERR133/022/ERR13347122/ERR13347122_2.fastq.gz	GMS 2019 Staphylococcus aureus pilot Lab G Sample 19
ERR13347124	PRJEB77209	SAMEA115805067	ERX12718024	Staphylococcus aureus	Illumina MiSeq sequencing	ftp.sra.ebi.ac.uk/vol1/fastq/ERR133/024/ERR13347124/ERR13347124_1.fastq.gz;ftp.sra.ebi.ac.uk/vol1/fastq/ERR133/024/ERR13347124/ERR13347124_2.fastq.gz	GMS 2019 Staphylococcus aureus pilot Lab H Sample 02
ERR13347126	PRJEB77209	SAMEA115805069	ERX12718026	Staphylococcus aureus	Illumina MiSeq sequencing	ftp.sra.ebi.ac.uk/vol1/fastq/ERR133/026/ERR13347126/ERR13347126_1.fastq.gz;ftp.sra.ebi.ac.uk/vol1/fastq/ERR133/026/ERR13347126/ERR13347126_2.fastq.gz	GMS 2019 Staphylococcus aureus pilot Lab H Sample 04
ERR13347127	PRJEB77209	SAMEA115805070	ERX12718027	Staphylococcus aureus	Illumina MiSeq sequencing	ftp.sra.ebi.ac.uk/vol1/fastq/ERR133/027/ERR13347127/ERR13347127_1.fastq.gz;ftp.sra.ebi.ac.uk/vol1/fastq/ERR133/027/ERR13347127/ERR13347127_2.fastq.gz	GMS 2019 Staphylococcus aureus pilot Lab H Sample 05
ERR13347130	PRJEB77209	SAMEA115805073	ERX12718030	Staphylococcus aureus	Illumina MiSeq sequencing	ftp.sra.ebi.ac.uk/vol1/fastq/ERR133/030/ERR13347130/ERR13347130_1.fastq.gz;ftp.sra.ebi.ac.uk/vol1/fastq/ERR133/030/ERR13347130/ERR13347130_2.fastq.gz	GMS 2019 Staphylococcus aureus pilot Lab H Sample 08
ERR13347135	PRJEB77209	SAMEA115805078	ERX12718035	Staphylococcus aureus	Illumina MiSeq sequencing	ftp.sra.ebi.ac.uk/vol1/fastq/ERR133/035/ERR13347135/ERR13347135_1.fastq.gz;ftp.sra.ebi.ac.uk/vol1/fastq/ERR133/035/ERR13347135/ERR13347135_2.fastq.gz	GMS 2019 Staphylococcus aureus pilot Lab H Sample 13
ERR13347136	PRJEB77209	SAMEA115805079	ERX12718036	Staphylococcus aureus	Illumina MiSeq sequencing	ftp.sra.ebi.ac.uk/vol1/fastq/ERR133/036/ERR13347136/ERR13347136_1.fastq.gz;ftp.sra.ebi.ac.uk/vol1/fastq/ERR133/036/ERR13347136/ERR13347136_2.fastq.gz	GMS 2019 Staphylococcus aureus pilot Lab H Sample 14
ERR13347138	PRJEB77209	SAMEA115805081	ERX12718038	Staphylococcus aureus	Illumina MiSeq sequencing	ftp.sra.ebi.ac.uk/vol1/fastq/ERR133/038/ERR13347138/ERR13347138_1.fastq.gz;ftp.sra.ebi.ac.uk/vol1/fastq/ERR133/038/ERR13347138/ERR13347138_2.fastq.gz	GMS 2019 Staphylococcus aureus pilot Lab H Sample 16
ERR13347166	PRJEB77209	SAMEA115804926	ERX12718066	Staphylococcus aureus	Ion Torrent S5 sequencing	ftp.sra.ebi.ac.uk/vol1/fastq/ERR133/066/ERR13347166/ERR13347166.fastq.gz	GMS 2019 Staphylococcus aureus pilot Lab A Sample 13
ERR13347167	PRJEB77209	SAMEA115804927	ERX12718067	Staphylococcus aureus	Ion Torrent S5 sequencing	ftp.sra.ebi.ac.uk/vol1/fastq/ERR133/067/ERR13347167/ERR13347167.fastq.gz	GMS 2019 Staphylococcus aureus pilot Lab A Sample 14
ERR13347168	PRJEB77209	SAMEA115804928	ERX12718068	Staphylococcus aureus	Ion Torrent S5 sequencing	ftp.sra.ebi.ac.uk/vol1/fastq/ERR133/068/ERR13347168/ERR13347168.fastq.gz	GMS 2019 Staphylococcus aureus pilot Lab A Sample 15
ERR13347170	PRJEB77209	SAMEA115804930	ERX12718070	Staphylococcus aureus	Ion Torrent S5 sequencing	ftp.sra.ebi.ac.uk/vol1/fastq/ERR133/070/ERR13347170/ERR13347170.fastq.gz	GMS 2019 Staphylococcus aureus pilot Lab A Sample 17
ERR13347173	PRJEB77209	SAMEA115804933	ERX12718073	Staphylococcus aureus	Ion Torrent S5 sequencing	ftp.sra.ebi.ac.uk/vol1/fastq/ERR133/073/ERR13347173/ERR13347173.fastq.gz	GMS 2019 Staphylococcus aureus pilot Lab A Sample 20
ERR13347176	PRJEB77209	SAMEA115805088	ERX12718076	Staphylococcus aureus	Ion Torrent S5 sequencing	ftp.sra.ebi.ac.uk/vol1/fastq/ERR133/076/ERR13347176/ERR13347176.fastq.gz	GMS 2019 Staphylococcus aureus pilot Lab I Sample 04
ERR13347177	PRJEB77209	SAMEA115805089	ERX12718077	Staphylococcus aureus	Ion Torrent S5 sequencing	ftp.sra.ebi.ac.uk/vol1/fastq/ERR133/077/ERR13347177/ERR13347177.fastq.gz	GMS 2019 Staphylococcus aureus pilot Lab I Sample 05
ERR13347180	PRJEB77209	SAMEA115805092	ERX12718080	Staphylococcus aureus	Ion Torrent S5 sequencing	ftp.sra.ebi.ac.uk/vol1/fastq/ERR133/080/ERR13347180/ERR13347180.fastq.gz	GMS 2019 Staphylococcus aureus pilot Lab I Sample 08
ERR13347183	PRJEB77209	SAMEA115805095	ERX12718083	Staphylococcus aureus	Ion Torrent S5 sequencing	ftp.sra.ebi.ac.uk/vol1/fastq/ERR133/083/ERR13347183/ERR13347183.fastq.gz	GMS 2019 Staphylococcus aureus pilot Lab I Sample 11
ERR13347186	PRJEB77209	SAMEA115805098	ERX12718086	Staphylococcus aureus	Ion Torrent S5 sequencing	ftp.sra.ebi.ac.uk/vol1/fastq/ERR133/086/ERR13347186/ERR13347186.fastq.gz	GMS 2019 Staphylococcus aureus pilot Lab I Sample 14
ERR13347192	PRJEB77209	SAMEA115805104	ERX12718092	Staphylococcus aureus	Ion Torrent S5 sequencing	ftp.sra.ebi.ac.uk/vol1/fastq/ERR133/092/ERR13347192/ERR13347192.fastq.gz	GMS 2019 Staphylococcus aureus pilot Lab I Sample 20
ERR13346991	PRJEB77209	SAMEA115804934	ERX12717891	Staphylococcus aureus	Illumina MiSeq sequencing	ftp.sra.ebi.ac.uk/vol1/fastq/ERR133/091/ERR13346991/ERR13346991_1.fastq.gz;ftp.sra.ebi.ac.uk/vol1/fastq/ERR133/091/ERR13346991/ERR13346991_2.fastq.gz	GMS 2019 Staphylococcus aureus pilot Lab B Sample 02
ERR13346999	PRJEB77209	SAMEA115804942	ERX12717899	Staphylococcus aureus	Illumina MiSeq sequencing	ftp.sra.ebi.ac.uk/vol1/fastq/ERR133/099/ERR13346999/ERR13346999_1.fastq.gz;ftp.sra.ebi.ac.uk/vol1/fastq/ERR133/099/ERR13346999/ERR13346999_2.fastq.gz	GMS 2019 Staphylococcus aureus pilot Lab B Sample 10
ERR13347000	PRJEB77209	SAMEA115804943	ERX12717900	Staphylococcus aureus	Illumina MiSeq sequencing	ftp.sra.ebi.ac.uk/vol1/fastq/ERR133/000/ERR13347000/ERR13347000_1.fastq.gz;ftp.sra.ebi.ac.uk/vol1/fastq/ERR133/000/ERR13347000/ERR13347000_2.fastq.gz	GMS 2019 Staphylococcus aureus pilot Lab B Sample 11
ERR13347003	PRJEB77209	SAMEA115804946	ERX12717903	Staphylococcus aureus	Illumina MiSeq sequencing	ftp.sra.ebi.ac.uk/vol1/fastq/ERR133/003/ERR13347003/ERR13347003_1.fastq.gz;ftp.sra.ebi.ac.uk/vol1/fastq/ERR133/003/ERR13347003/ERR13347003_2.fastq.gz	GMS 2019 Staphylococcus aureus pilot Lab B Sample 14
ERR13347009	PRJEB77209	SAMEA115804952	ERX12717909	Staphylococcus aureus	Illumina MiSeq sequencing	ftp.sra.ebi.ac.uk/vol1/fastq/ERR133/009/ERR13347009/ERR13347009_1.fastq.gz;ftp.sra.ebi.ac.uk/vol1/fastq/ERR133/009/ERR13347009/ERR13347009_2.fastq.gz	GMS 2019 Staphylococcus aureus pilot Lab B Sample 20
ERR13347012	PRJEB77209	SAMEA115804955	ERX12717912	Staphylococcus aureus	Illumina MiSeq sequencing	ftp.sra.ebi.ac.uk/vol1/fastq/ERR133/012/ERR13347012/ERR13347012_1.fastq.gz;ftp.sra.ebi.ac.uk/vol1/fastq/ERR133/012/ERR13347012/ERR13347012_2.fastq.gz	GMS 2019 Staphylococcus aureus pilot Lab C Sample 04
ERR13347015	PRJEB77209	SAMEA115804958	ERX12717915	Staphylococcus aureus	Illumina MiSeq sequencing	ftp.sra.ebi.ac.uk/vol1/fastq/ERR133/015/ERR13347015/ERR13347015_1.fastq.gz;ftp.sra.ebi.ac.uk/vol1/fastq/ERR133/015/ERR13347015/ERR13347015_2.fastq.gz	GMS 2019 Staphylococcus aureus pilot Lab C Sample 07
ERR13347018	PRJEB77209	SAMEA115804961	ERX12717918	Staphylococcus aureus	Illumina MiSeq sequencing	ftp.sra.ebi.ac.uk/vol1/fastq/ERR133/018/ERR13347018/ERR13347018_1.fastq.gz;ftp.sra.ebi.ac.uk/vol1/fastq/ERR133/018/ERR13347018/ERR13347018_2.fastq.gz	GMS 2019 Staphylococcus aureus pilot Lab C Sample 10
ERR13347020	PRJEB77209	SAMEA115804963	ERX12717920	Staphylococcus aureus	Illumina MiSeq sequencing	ftp.sra.ebi.ac.uk/vol1/fastq/ERR133/020/ERR13347020/ERR13347020_1.fastq.gz;ftp.sra.ebi.ac.uk/vol1/fastq/ERR133/020/ERR13347020/ERR13347020_2.fastq.gz	GMS 2019 Staphylococcus aureus pilot Lab C Sample 12
ERR13347022	PRJEB77209	SAMEA115804965	ERX12717922	Staphylococcus aureus	Illumina MiSeq sequencing	ftp.sra.ebi.ac.uk/vol1/fastq/ERR133/022/ERR13347022/ERR13347022_1.fastq.gz;ftp.sra.ebi.ac.uk/vol1/fastq/ERR133/022/ERR13347022/ERR13347022_2.fastq.gz	GMS 2019 Staphylococcus aureus pilot Lab C Sample 14
ERR13347026	PRJEB77209	SAMEA115804969	ERX12717926	Staphylococcus aureus	Illumina MiSeq sequencing	ftp.sra.ebi.ac.uk/vol1/fastq/ERR133/026/ERR13347026/ERR13347026_1.fastq.gz;ftp.sra.ebi.ac.uk/vol1/fastq/ERR133/026/ERR13347026/ERR13347026_2.fastq.gz	GMS 2019 Staphylococcus aureus pilot Lab C Sample 18
ERR13347029	PRJEB77209	SAMEA115804972	ERX12717929	Staphylococcus aureus	Illumina MiniSeq sequencing	ftp.sra.ebi.ac.uk/vol1/fastq/ERR133/029/ERR13347029/ERR13347029_1.fastq.gz;ftp.sra.ebi.ac.uk/vol1/fastq/ERR133/029/ERR13347029/ERR13347029_2.fastq.gz	GMS 2019 Staphylococcus aureus pilot Lab D Sample 02
ERR13347033	PRJEB77209	SAMEA115804976	ERX12717933	Staphylococcus aureus	Illumina MiniSeq sequencing	ftp.sra.ebi.ac.uk/vol1/fastq/ERR133/033/ERR13347033/ERR13347033_1.fastq.gz;ftp.sra.ebi.ac.uk/vol1/fastq/ERR133/033/ERR13347033/ERR13347033_2.fastq.gz	GMS 2019 Staphylococcus aureus pilot Lab D Sample 06
ERR13347035	PRJEB77209	SAMEA115804978	ERX12717935	Staphylococcus aureus	Illumina MiniSeq sequencing	ftp.sra.ebi.ac.uk/vol1/fastq/ERR133/035/ERR13347035/ERR13347035_1.fastq.gz;ftp.sra.ebi.ac.uk/vol1/fastq/ERR133/035/ERR13347035/ERR13347035_2.fastq.gz	GMS 2019 Staphylococcus aureus pilot Lab D Sample 08
ERR13347038	PRJEB77209	SAMEA115804981	ERX12717938	Staphylococcus aureus	Illumina MiniSeq sequencing	ftp.sra.ebi.ac.uk/vol1/fastq/ERR133/038/ERR13347038/ERR13347038_1.fastq.gz;ftp.sra.ebi.ac.uk/vol1/fastq/ERR133/038/ERR13347038/ERR13347038_2.fastq.gz	GMS 2019 Staphylococcus aureus pilot Lab D Sample 11
ERR13347043	PRJEB77209	SAMEA115804986	ERX12717943	Staphylococcus aureus	Illumina MiniSeq sequencing	ftp.sra.ebi.ac.uk/vol1/fastq/ERR133/043/ERR13347043/ERR13347043_1.fastq.gz;ftp.sra.ebi.ac.uk/vol1/fastq/ERR133/043/ERR13347043/ERR13347043_2.fastq.gz	GMS 2019 Staphylococcus aureus pilot Lab D Sample 16
ERR13347047	PRJEB77209	SAMEA115804990	ERX12717947	Staphylococcus aureus	Illumina MiniSeq sequencing	ftp.sra.ebi.ac.uk/vol1/fastq/ERR133/047/ERR13347047/ERR13347047_1.fastq.gz;ftp.sra.ebi.ac.uk/vol1/fastq/ERR133/047/ERR13347047/ERR13347047_2.fastq.gz	GMS 2019 Staphylococcus aureus pilot Lab D Sample 20
ERR13347052	PRJEB77209	SAMEA115804995	ERX12717952	Staphylococcus aureus	Illumina MiSeq sequencing	ftp.sra.ebi.ac.uk/vol1/fastq/ERR133/052/ERR13347052/ERR13347052_1.fastq.gz;ftp.sra.ebi.ac.uk/vol1/fastq/ERR133/052/ERR13347052/ERR13347052_2.fastq.gz	GMS 2019 Staphylococcus aureus pilot Lab E1 Sample 06
ERR13347055	PRJEB77209	SAMEA115804998	ERX12717955	Staphylococcus aureus	Illumina MiSeq sequencing	ftp.sra.ebi.ac.uk/vol1/fastq/ERR133/055/ERR13347055/ERR13347055_1.fastq.gz;ftp.sra.ebi.ac.uk/vol1/fastq/ERR133/055/ERR13347055/ERR13347055_2.fastq.gz	GMS 2019 Staphylococcus aureus pilot Lab E1 Sample 09
ERR13347068	PRJEB77209	SAMEA115805011	ERX12717968	Staphylococcus aureus	NextSeq 500 sequencing	ftp.sra.ebi.ac.uk/vol1/fastq/ERR133/068/ERR13347068/ERR13347068_1.fastq.gz;ftp.sra.ebi.ac.uk/vol1/fastq/ERR133/068/ERR13347068/ERR13347068_2.fastq.gz	GMS 2019 Staphylococcus aureus pilot Lab E2 Sample 03
ERR13347074	PRJEB77209	SAMEA115805017	ERX12717974	Staphylococcus aureus	NextSeq 500 sequencing	ftp.sra.ebi.ac.uk/vol1/fastq/ERR133/074/ERR13347074/ERR13347074_1.fastq.gz;ftp.sra.ebi.ac.uk/vol1/fastq/ERR133/074/ERR13347074/ERR13347074_2.fastq.gz	GMS 2019 Staphylococcus aureus pilot Lab E2 Sample 09
ERR13347075	PRJEB77209	SAMEA115805018	ERX12717975	Staphylococcus aureus	NextSeq 500 sequencing	ftp.sra.ebi.ac.uk/vol1/fastq/ERR133/075/ERR13347075/ERR13347075_1.fastq.gz;ftp.sra.ebi.ac.uk/vol1/fastq/ERR133/075/ERR13347075/ERR13347075_2.fastq.gz	GMS 2019 Staphylococcus aureus pilot Lab E2 Sample 10
ERR13347076	PRJEB77209	SAMEA115805019	ERX12717976	Staphylococcus aureus	NextSeq 500 sequencing	ftp.sra.ebi.ac.uk/vol1/fastq/ERR133/076/ERR13347076/ERR13347076_1.fastq.gz;ftp.sra.ebi.ac.uk/vol1/fastq/ERR133/076/ERR13347076/ERR13347076_2.fastq.gz	GMS 2019 Staphylococcus aureus pilot Lab E2 Sample 11
ERR13347078	PRJEB77209	SAMEA115805021	ERX12717978	Staphylococcus aureus	NextSeq 500 sequencing	ftp.sra.ebi.ac.uk/vol1/fastq/ERR133/078/ERR13347078/ERR13347078_1.fastq.gz;ftp.sra.ebi.ac.uk/vol1/fastq/ERR133/078/ERR13347078/ERR13347078_2.fastq.gz	GMS 2019 Staphylococcus aureus pilot Lab E2 Sample 13
ERR13347084	PRJEB77209	SAMEA115805027	ERX12717984	Staphylococcus aureus	NextSeq 500 sequencing	ftp.sra.ebi.ac.uk/vol1/fastq/ERR133/084/ERR13347084/ERR13347084_1.fastq.gz;ftp.sra.ebi.ac.uk/vol1/fastq/ERR133/084/ERR13347084/ERR13347084_2.fastq.gz	GMS 2019 Staphylococcus aureus pilot Lab E2 Sample 19
ERR13347087	PRJEB77209	SAMEA115805030	ERX12717987	Staphylococcus aureus	Illumina NovaSeq 6000 sequencing	ftp.sra.ebi.ac.uk/vol1/fastq/ERR133/087/ERR13347087/ERR13347087_1.fastq.gz;ftp.sra.ebi.ac.uk/vol1/fastq/ERR133/087/ERR13347087/ERR13347087_2.fastq.gz	GMS 2019 Staphylococcus aureus pilot Lab F Sample 03
ERR13347091	PRJEB77209	SAMEA115805034	ERX12717991	Staphylococcus aureus	Illumina NovaSeq 6000 sequencing	ftp.sra.ebi.ac.uk/vol1/fastq/ERR133/091/ERR13347091/ERR13347091_1.fastq.gz;ftp.sra.ebi.ac.uk/vol1/fastq/ERR133/091/ERR13347091/ERR13347091_2.fastq.gz	GMS 2019 Staphylococcus aureus pilot Lab F Sample 07
ERR13347094	PRJEB77209	SAMEA115805037	ERX12717994	Staphylococcus aureus	Illumina NovaSeq 6000 sequencing	ftp.sra.ebi.ac.uk/vol1/fastq/ERR133/094/ERR13347094/ERR13347094_1.fastq.gz;ftp.sra.ebi.ac.uk/vol1/fastq/ERR133/094/ERR13347094/ERR13347094_2.fastq.gz	GMS 2019 Staphylococcus aureus pilot Lab F Sample 10
ERR13347095	PRJEB77209	SAMEA115805038	ERX12717995	Staphylococcus aureus	Illumina NovaSeq 6000 sequencing	ftp.sra.ebi.ac.uk/vol1/fastq/ERR133/095/ERR13347095/ERR13347095_1.fastq.gz;ftp.sra.ebi.ac.uk/vol1/fastq/ERR133/095/ERR13347095/ERR13347095_2.fastq.gz	GMS 2019 Staphylococcus aureus pilot Lab F Sample 11
ERR13347096	PRJEB77209	SAMEA115805039	ERX12717996	Staphylococcus aureus	Illumina NovaSeq 6000 sequencing	ftp.sra.ebi.ac.uk/vol1/fastq/ERR133/096/ERR13347096/ERR13347096_1.fastq.gz;ftp.sra.ebi.ac.uk/vol1/fastq/ERR133/096/ERR13347096/ERR13347096_2.fastq.gz	GMS 2019 Staphylococcus aureus pilot Lab F Sample 12
ERR13347097	PRJEB77209	SAMEA115805040	ERX12717997	Staphylococcus aureus	Illumina NovaSeq 6000 sequencing	ftp.sra.ebi.ac.uk/vol1/fastq/ERR133/097/ERR13347097/ERR13347097_1.fastq.gz;ftp.sra.ebi.ac.uk/vol1/fastq/ERR133/097/ERR13347097/ERR13347097_2.fastq.gz	GMS 2019 Staphylococcus aureus pilot Lab F Sample 13
ERR13347100	PRJEB77209	SAMEA115805043	ERX12718000	Staphylococcus aureus	Illumina NovaSeq 6000 sequencing	ftp.sra.ebi.ac.uk/vol1/fastq/ERR133/000/ERR13347100/ERR13347100_1.fastq.gz;ftp.sra.ebi.ac.uk/vol1/fastq/ERR133/000/ERR13347100/ERR13347100_2.fastq.gz	GMS 2019 Staphylococcus aureus pilot Lab F Sample 16
ERR13347103	PRJEB77209	SAMEA115805046	ERX12718003	Staphylococcus aureus	Illumina NovaSeq 6000 sequencing	ftp.sra.ebi.ac.uk/vol1/fastq/ERR133/003/ERR13347103/ERR13347103_1.fastq.gz;ftp.sra.ebi.ac.uk/vol1/fastq/ERR133/003/ERR13347103/ERR13347103_2.fastq.gz	GMS 2019 Staphylococcus aureus pilot Lab F Sample 19
ERR13347105	PRJEB77209	SAMEA115805048	ERX12718005	Staphylococcus aureus	Illumina MiSeq sequencing	ftp.sra.ebi.ac.uk/vol1/fastq/ERR133/005/ERR13347105/ERR13347105_1.fastq.gz;ftp.sra.ebi.ac.uk/vol1/fastq/ERR133/005/ERR13347105/ERR13347105_2.fastq.gz	GMS 2019 Staphylococcus aureus pilot Lab G Sample 02
ERR13347108	PRJEB77209	SAMEA115805051	ERX12718008	Staphylococcus aureus	Illumina MiSeq sequencing	ftp.sra.ebi.ac.uk/vol1/fastq/ERR133/008/ERR13347108/ERR13347108_1.fastq.gz;ftp.sra.ebi.ac.uk/vol1/fastq/ERR133/008/ERR13347108/ERR13347108_2.fastq.gz	GMS 2019 Staphylococcus aureus pilot Lab G Sample 05
ERR13347111	PRJEB77209	SAMEA115805054	ERX12718011	Staphylococcus aureus	Illumina MiSeq sequencing	ftp.sra.ebi.ac.uk/vol1/fastq/ERR133/011/ERR13347111/ERR13347111_1.fastq.gz;ftp.sra.ebi.ac.uk/vol1/fastq/ERR133/011/ERR13347111/ERR13347111_2.fastq.gz	GMS 2019 Staphylococcus aureus pilot Lab G Sample 08
ERR13347112	PRJEB77209	SAMEA115805055	ERX12718012	Staphylococcus aureus	Illumina MiSeq sequencing	ftp.sra.ebi.ac.uk/vol1/fastq/ERR133/012/ERR13347112/ERR13347112_1.fastq.gz;ftp.sra.ebi.ac.uk/vol1/fastq/ERR133/012/ERR13347112/ERR13347112_2.fastq.gz	GMS 2019 Staphylococcus aureus pilot Lab G Sample 09
ERR13347114	PRJEB77209	SAMEA115805057	ERX12718014	Staphylococcus aureus	Illumina MiSeq sequencing	ftp.sra.ebi.ac.uk/vol1/fastq/ERR133/014/ERR13347114/ERR13347114_1.fastq.gz;ftp.sra.ebi.ac.uk/vol1/fastq/ERR133/014/ERR13347114/ERR13347114_2.fastq.gz	GMS 2019 Staphylococcus aureus pilot Lab G Sample 11
ERR13347121	PRJEB77209	SAMEA115805064	ERX12718021	Staphylococcus aureus	Illumina MiSeq sequencing	ftp.sra.ebi.ac.uk/vol1/fastq/ERR133/021/ERR13347121/ERR13347121_1.fastq.gz;ftp.sra.ebi.ac.uk/vol1/fastq/ERR133/021/ERR13347121/ERR13347121_2.fastq.gz	GMS 2019 Staphylococcus aureus pilot Lab G Sample 18
ERR13347123	PRJEB77209	SAMEA115805066	ERX12718023	Staphylococcus aureus	Illumina MiSeq sequencing	ftp.sra.ebi.ac.uk/vol1/fastq/ERR133/023/ERR13347123/ERR13347123_1.fastq.gz;ftp.sra.ebi.ac.uk/vol1/fastq/ERR133/023/ERR13347123/ERR13347123_2.fastq.gz	GMS 2019 Staphylococcus aureus pilot Lab G Sample 20
ERR13347125	PRJEB77209	SAMEA115805068	ERX12718025	Staphylococcus aureus	Illumina MiSeq sequencing	ftp.sra.ebi.ac.uk/vol1/fastq/ERR133/025/ERR13347125/ERR13347125_1.fastq.gz;ftp.sra.ebi.ac.uk/vol1/fastq/ERR133/025/ERR13347125/ERR13347125_2.fastq.gz	GMS 2019 Staphylococcus aureus pilot Lab H Sample 03
ERR13347128	PRJEB77209	SAMEA115805071	ERX12718028	Staphylococcus aureus	Illumina MiSeq sequencing	ftp.sra.ebi.ac.uk/vol1/fastq/ERR133/028/ERR13347128/ERR13347128_1.fastq.gz;ftp.sra.ebi.ac.uk/vol1/fastq/ERR133/028/ERR13347128/ERR13347128_2.fastq.gz	GMS 2019 Staphylococcus aureus pilot Lab H Sample 06
ERR13347132	PRJEB77209	SAMEA115805075	ERX12718032	Staphylococcus aureus	Illumina MiSeq sequencing	ftp.sra.ebi.ac.uk/vol1/fastq/ERR133/032/ERR13347132/ERR13347132_1.fastq.gz;ftp.sra.ebi.ac.uk/vol1/fastq/ERR133/032/ERR13347132/ERR13347132_2.fastq.gz	GMS 2019 Staphylococcus aureus pilot Lab H Sample 10
ERR13347133	PRJEB77209	SAMEA115805076	ERX12718033	Staphylococcus aureus	Illumina MiSeq sequencing	ftp.sra.ebi.ac.uk/vol1/fastq/ERR133/033/ERR13347133/ERR13347133_1.fastq.gz;ftp.sra.ebi.ac.uk/vol1/fastq/ERR133/033/ERR13347133/ERR13347133_2.fastq.gz	GMS 2019 Staphylococcus aureus pilot Lab H Sample 11
ERR13347137	PRJEB77209	SAMEA115805080	ERX12718037	Staphylococcus aureus	Illumina MiSeq sequencing	ftp.sra.ebi.ac.uk/vol1/fastq/ERR133/037/ERR13347137/ERR13347137_1.fastq.gz;ftp.sra.ebi.ac.uk/vol1/fastq/ERR133/037/ERR13347137/ERR13347137_2.fastq.gz	GMS 2019 Staphylococcus aureus pilot Lab H Sample 15
ERR13347140	PRJEB77209	SAMEA115805083	ERX12718040	Staphylococcus aureus	Illumina MiSeq sequencing	ftp.sra.ebi.ac.uk/vol1/fastq/ERR133/040/ERR13347140/ERR13347140_1.fastq.gz;ftp.sra.ebi.ac.uk/vol1/fastq/ERR133/040/ERR13347140/ERR13347140_2.fastq.gz	GMS 2019 Staphylococcus aureus pilot Lab H Sample 18
ERR13347156	PRJEB77209	SAMEA115804916	ERX12718056	Staphylococcus aureus	Ion Torrent S5 sequencing	ftp.sra.ebi.ac.uk/vol1/fastq/ERR133/056/ERR13347156/ERR13347156.fastq.gz	GMS 2019 Staphylococcus aureus pilot Lab A Sample 03
ERR13347158	PRJEB77209	SAMEA115804918	ERX12718058	Staphylococcus aureus	Ion Torrent S5 sequencing	ftp.sra.ebi.ac.uk/vol1/fastq/ERR133/058/ERR13347158/ERR13347158.fastq.gz	GMS 2019 Staphylococcus aureus pilot Lab A Sample 05
ERR13347160	PRJEB77209	SAMEA115804920	ERX12718060	Staphylococcus aureus	Ion Torrent S5 sequencing	ftp.sra.ebi.ac.uk/vol1/fastq/ERR133/060/ERR13347160/ERR13347160.fastq.gz	GMS 2019 Staphylococcus aureus pilot Lab A Sample 07
ERR13347162	PRJEB77209	SAMEA115804922	ERX12718062	Staphylococcus aureus	Ion Torrent S5 sequencing	ftp.sra.ebi.ac.uk/vol1/fastq/ERR133/062/ERR13347162/ERR13347162.fastq.gz	GMS 2019 Staphylococcus aureus pilot Lab A Sample 09
ERR13347163	PRJEB77209	SAMEA115804923	ERX12718063	Staphylococcus aureus	Ion Torrent S5 sequencing	ftp.sra.ebi.ac.uk/vol1/fastq/ERR133/063/ERR13347163/ERR13347163.fastq.gz	GMS 2019 Staphylococcus aureus pilot Lab A Sample 10
ERR13347165	PRJEB77209	SAMEA115804925	ERX12718065	Staphylococcus aureus	Ion Torrent S5 sequencing	ftp.sra.ebi.ac.uk/vol1/fastq/ERR133/065/ERR13347165/ERR13347165.fastq.gz	GMS 2019 Staphylococcus aureus pilot Lab A Sample 12
ERR13347174	PRJEB77209	SAMEA115805086	ERX12718074	Staphylococcus aureus	Ion Torrent S5 sequencing	ftp.sra.ebi.ac.uk/vol1/fastq/ERR133/074/ERR13347174/ERR13347174.fastq.gz	GMS 2019 Staphylococcus aureus pilot Lab I Sample 02
ERR13347179	PRJEB77209	SAMEA115805091	ERX12718079	Staphylococcus aureus	Ion Torrent S5 sequencing	ftp.sra.ebi.ac.uk/vol1/fastq/ERR133/079/ERR13347179/ERR13347179.fastq.gz	GMS 2019 Staphylococcus aureus pilot Lab I Sample 07
ERR13347181	PRJEB77209	SAMEA115805093	ERX12718081	Staphylococcus aureus	Ion Torrent S5 sequencing	ftp.sra.ebi.ac.uk/vol1/fastq/ERR133/081/ERR13347181/ERR13347181.fastq.gz	GMS 2019 Staphylococcus aureus pilot Lab I Sample 09
ERR13347182	PRJEB77209	SAMEA115805094	ERX12718082	Staphylococcus aureus	Ion Torrent S5 sequencing	ftp.sra.ebi.ac.uk/vol1/fastq/ERR133/082/ERR13347182/ERR13347182.fastq.gz	GMS 2019 Staphylococcus aureus pilot Lab I Sample 10
ERR13347184	PRJEB77209	SAMEA115805096	ERX12718084	Staphylococcus aureus	Ion Torrent S5 sequencing	ftp.sra.ebi.ac.uk/vol1/fastq/ERR133/084/ERR13347184/ERR13347184.fastq.gz	GMS 2019 Staphylococcus aureus pilot Lab I Sample 12
ERR13347188	PRJEB77209	SAMEA115805100	ERX12718088	Staphylococcus aureus	Ion Torrent S5 sequencing	ftp.sra.ebi.ac.uk/vol1/fastq/ERR133/088/ERR13347188/ERR13347188.fastq.gz	GMS 2019 Staphylococcus aureus pilot Lab I Sample 16
ERR13347190	PRJEB77209	SAMEA115805102	ERX12718090	Staphylococcus aureus	Ion Torrent S5 sequencing	ftp.sra.ebi.ac.uk/vol1/fastq/ERR133/090/ERR13347190/ERR13347190.fastq.gz	GMS 2019 Staphylococcus aureus pilot Lab I Sample 18
ERR13347191	PRJEB77209	SAMEA115805103	ERX12718091	Staphylococcus aureus	Ion Torrent S5 sequencing	ftp.sra.ebi.ac.uk/vol1/fastq/ERR133/091/ERR13347191/ERR13347191.fastq.gz	GMS 2019 Staphylococcus aureus pilot Lab I Sample 19
